1,Ruckus,Positive Turbulence,"""They treat every idea as if it was meant for their own business, spending the time to understand what exactly it is...""",5.0,7,"$25,000",$150 - $199 / hr,10 - 49,"New York,
NY",service_focus,https://clutch.co/profile/ruckus,http://www.ruckusmarketing.com/?utm_source=Clutch.co&utm_medium=Directory&utm_term=Clutch.co&utm_content=Clutch.co&utm_campaign=Clutch.co
2,Matchstic,A Brand Identity House,"""Matchstic did an excellent job of conveying the lifestyle of the property instead of focusing on the real estate asp...""",4.8,7,"$5,000",$150 - $199 / hr,10 - 49,"Atlanta,
GA",service_focus,https://clutch.co/profile/matchstic,http://matchstic.com
3,Gershoni Creative Agency,Design in conversation with strategy.,"""Gershoni has a history of great delivery.""",5.0,3,Undisclosed,Undisclosed,10 - 49,"San Francisco,
CA",service_focus,https://clutch.co/profile/gershoni-creative-agency,http://www.gershoni.com
5,JJR Marketing Inc.,Your Brand in the Media,"""I never look at JJR as though we made the wrong choice. I'm very comfortable with them.""",4.8,6,"$10,000",$150 - $199 / hr,10 - 49,"Naperville,
IL",service_focus,https://clutch.co/profile/jjr-marketing,http://www.jjrmarketing.com
6,Sensis,A cross-cultural agency driving behavior change.,"""I think Sensis has done a fantastic job in helping us get the right message to the people we need to reach.""",5.0,3,Undisclosed,$150 - $199 / hr,50 - 249,"Los Angeles,
CA",service_focus,https://clutch.co/profile/sensis,http://www.sensisagency.com/
7,Killian Branding,Adapt. Evolve.,"""Killian Branding has put original thought and ideas into our product's execution.""",4.9,6,"$10,000",$200 - $300 / hr,10 - 49,"Chicago ,
IL",service_focus,https://clutch.co/profile/killian-branding,http://www.killianbranding.com
8,Fearless Media,The Millennial Agency,"""Fearless Media has been instrumental in terms of our ability to market massive hit and niche games alike.""",4.9,4,"$100,000",Undisclosed,10 - 49,"New York,
NY",service_focus,https://clutch.co/profile/fearless-media,http://www.Fearless-Media.com
9,Kiosk,Motivate audiences to action,"""I'm always blown away by Kiosk.""",5.0,3,"$10,000",$150 - $199 / hr,50 - 249,"Novato,
CA",service_focus,https://clutch.co/profile/kiosk,https://kiosk.tm
10,R6S,Break Away From Ordinary,"""Ever since we hired R6S we have grown.""",5.0,2,"$10,000",$100 - $149 / hr,10 - 49,"Calabasas,
CA",service_focus,https://clutch.co/profile/r6s,https://www.r6s.com/
11,Mistress,Navigating Brands Through Modern Media Culture,"""I felt like we were a brand that people cared about within the shop, and I had the highest quality people in that sh...""",4.8,2,"$100,000",$100 - $149 / hr,50 - 249,"Santa Monica,
CA",service_focus,https://clutch.co/profile/mistress,https://mistress.agency/
12,Tailfin,"Madison Avenue Smarts, Virginia Highland Soul","""Tailfin is a small but mighty group, and I find them incredibly easy to work with.""",5.0,2,Undisclosed,Undisclosed,10 - 49,"Atlanta,
GA",service_focus,https://clutch.co/profile/tailfin,http://www.tailfin.com
14,Forge Worldwide,Building deeper human connections.,"""Forge Worldwide demonstrated their interest in the business...""",4.8,2,Undisclosed,$150 - $199 / hr,10 - 49,"Boston,
MA",service_focus,https://clutch.co/profile/forge-worldwide,http://forgeworldwide.com
15,Speakeasy,Conversations that Convert.,"""They were always very responsive and very collaborative.""",4.6,7,"$10,000",$100 - $149 / hr,10 - 49,"Dallas,
TX",service_focus,https://clutch.co/profile/speakeasy,http://www.yourspeakeasy.com/
16,Frederick Swanston,full service ad agency,"""People have said that this is the best health-issue campaign they have seen.""",4.5,1,"$25,000",$150 - $199 / hr,10 - 49,"Alpharetta,
GA",service_focus,https://clutch.co/profile/frederick-swanston,http://frederickswanston.com
17,Hub Strategy and Communication,"Advertising, design, strategy, and production","""People were actually emailing us and tweeting at us, telling us to post our TV and radio ads because they thought th...""",5.0,2,"$25,000",$150 - $199 / hr,10 - 49,"San Francisco,
CA",service_focus,https://clutch.co/profile/hub-strategy-communication,http://hubsanfrancisco.com/
18,Coming of Age,The 50+ Marketing Agency,"""They excel at listening...""",4.7,3,"$25,000",$100 - $149 / hr,10 - 49,"Lisle,
IL",service_focus,https://clutch.co/profile/coming-age,http://www.comingofage.com
19,Wingman Advertising,To make our clients rich and mothers proud,"""They've created a unique campaign for us that does a good job setting us apart from our competitors...""",4.8,2,"$25,000",$150 - $199 / hr,10 - 49,"Marina del Rey,
CA",service_focus,https://clutch.co/profile/wingman-advertising,http://www.wingmanadv.com
20,UNIT partners LLC,"Branding Agency for Hospitality, Retail, & CPG.","""They are small, nimble, smart, creative, flexible, and they know their stuff.""",5.0,6,"$10,000",$150 - $199 / hr,2 - 9,"San Francisco,
CA",service_focus,https://clutch.co/profile/unit-partners,http://unitpartners.com
21,Greater Than One,Human Solutions for the Digital Age,"""I found them to be a strategic partner...""",5.0,2,"$10,000",$100 - $149 / hr,50 - 249,"New York,
NY",service_focus,https://clutch.co/profile/greater-one,http://greaterthanone.com
22,JB Chicago,We create customers.,"""They've worked hard to understand our business, and understand what I want, which is to take a fresh look and feel f...""",5.0,1,"$10,000",$150 - $199 / hr,10 - 49,"Chicago,
IL",service_focus,https://clutch.co/profile/jb-chicago,http://www.jbchicago.com/
23,Kapowza,A full-service creative agency in Baltimore,"""They did an excellent job of communicating.""",5.0,3,"$5,000",$100 - $149 / hr,2 - 9,"Baltimore,
MD",service_focus,https://clutch.co/profile/kapowza,http://kapowza.co
24,The O Group,The Creative Agency for Luxury,"""They are extremely responsive and very knowledgeable.""",5.0,4,"$100,000",$200 - $300 / hr,10 - 49,"New York,
NY",service_focus,https://clutch.co/profile/o-group,http://www.ogroup.net
25,The Byne Group,We help our clients work their brand.,"""I am always impressed with The Byne Group.""",4.9,8,Undisclosed,$100 - $149 / hr,2 - 9,"Suffern,
NY",service_focus,https://clutch.co/profile/byne-group,http://www.thebynegroup.com/
26,Morsekode,Brands That Groove,"""Their project management has been really strong and they do a terrific job of listening...""",5.0,2,"$10,000",$150 - $199 / hr,10 - 49,"Minneapolis,
MN",service_focus,https://clutch.co/profile/morsekode,http://morsekode.com/
28,Stanton & Company,Boutique sports and lifestyle marketing/PR agency,"""They took the budget that I gave them and added a ton of value to it.""",4.8,2,"$10,000",$100 - $149 / hr,2 - 9,"Marina Del Rey,
CA",service_focus,https://clutch.co/profile/stanton-company,http://stanton-company.com/
30,The Miller Group,Safe doesn't sell.,"""The Miller Group is a multi-talented team focused on quality research, interaction, planning, and creative presentat...""",5.0,3,"$25,000",$150 - $199 / hr,10 - 49,"Los Angeles,
CA",service_focus,https://clutch.co/profile/miller-group,http://www.millergroupmarketing.com
31,Miller Ad Agency,Advertising That Works,"""The performance that we received from them has correlated to relevant metrics that we can track...""",4.8,2,"$5,000",$25 - $49 / hr,10 - 49,"Dallas,
TX",service_focus,https://clutch.co/profile/miller-ad-agency,http://milleradagency.com/
32,Exit10,Own it.,"""I think Exit10 has an uncanny ability to sit down with us, and take my incoherent ramblings and come back with a des...""",5.0,2,"$10,000",$150 - $199 / hr,10 - 49,"Baltimore,
MD",service_focus,https://clutch.co/profile/exit10,http://www.exit10.com
34,True Voice Media,The Social Business Agency,"""True Voice Media has been a great partner for us. They helped us achieve what we were looking to achieve...""",4.5,3,"$10,000",$300+ / hr,10 - 49,"Philadelphia,
PA",service_focus,https://clutch.co/profile/true-voice-media,http://truevoicemedia.com
36,JUMBOshrimp,Big Ideas Don't Require Big Agencies.,"""They helped grow and invigorate the brand as well as helping us grow as a company.""",5.0,1,"$10,000",$100 - $149 / hr,10 - 49,"San Francisco,
CA",service_focus,https://clutch.co/profile/jumboshrimp,http://www.JUMBOshrimp.com
37,Ricochet Ideas,Aligning Internally. Communicating Externally,"""No. They are perfect...""",5.0,2,Undisclosed,$150 - $199 / hr,2 - 9,"Denver,
CO",service_focus,https://clutch.co/profile/ricochet-ideas,http://www.ricochetideas.com
39,Split An Atom,A British Integrated Marketing Agency,"""Split An Atom has enabled me to put everything together and get ahead.""",5.0,1,"$1,000",$50 - $99 / hr,10 - 49,"Hoylake,

United Kingdom",service_focus,https://clutch.co/profile/split-atom,https://www.splitanatom.com
40,Proof Branding,Your brand has a story. We help bring it to life.,"""The new brand has been perceived very positively. We have people telling us every day they love our new look...""",5.0,2,"$10,000",$150 - $199 / hr,2 - 9,"Nashville,
TN",service_focus,https://clutch.co/profile/proof-branding,http://proofbranding.com
41,FUSEIDEAS,Great Ideas Are Born To Perform,"""Fuse is very good at working with organizations. They offer a wide range of options and costing models.""",4.0,2,Undisclosed,$150 - $199 / hr,10 - 49,"Winchester,
MA",service_focus,https://clutch.co/profile/fuseideas,http://fuseideas.com/
42,Intrigue Media,Get Noticed. Get Found.,"""The site is performing great, it looks great, and it's easy to navigate...""",5.0,1,"$5,000",$50 - $99 / hr,10 - 49,"Guelph,

Canada",service_focus,https://clutch.co/profile/intrigue-media,http://www.intrigueme.ca
44,Constructive,A Branding & Web Design Firm on a Mission,"""With their past work in the non-profit sector, Constructive had a credible voice around the table, especially when s...""",4.8,6,"$50,000",$150 - $199 / hr,10 - 49,"New York,
NY",service_focus,https://clutch.co/profile/constructive,https://constructive.co/
46,Smashdeck Marketing,Building scalable sales and marketing programs,"""The team at Smashdeck Marketing were great listeners and seemed to understand our problems even when we didn't artic...""",4.8,2,"$10,000",$100 - $149 / hr,2 - 9,"Long Beach,
CA",service_focus,https://clutch.co/profile/smashdeck-marketing,http://www.smashdeck.com
47,BRAINTRUST,Integrated agency specializing in travel,"""If I could say every lovely word available about this company [Braintrust], I would...""",4.4,5,Undisclosed,$150 - $199 / hr,10 - 49,"Las Vegas,
NV",service_focus,https://clutch.co/profile/braintrust,http://braintrustlv.com/
49,RSQ,"Ingenuity, agility and guts.","""Now our website, messaging, and branding is very unique to us and unique within the investment industry...""",5.0,1,"$10,000",$100 - $149 / hr,10 - 49,"Mobile,
AL",service_focus,https://clutch.co/profile/rsq,http://www.rsq.com
50,Timelapse,Digital Marketing. Delivered.,"""Timelapse managed projects well. They're very organized and pretty autonomous.""",5.0,1,"$5,000",$100 - $149 / hr,2 - 9,"San Francisco,
CA",service_focus,https://clutch.co/profile/timelapse,http://timelapsesf.com
51,Gravity Switch,Technology. Branding. Design.,"""Within two and a half months our inquiries doubled...""",4.8,2,Undisclosed,$150 - $199 / hr,10 - 49,"Northampton,
MA",service_focus,https://clutch.co/profile/gravity-switch,http://gravityswitch.com
54,Design Spinners,Customized Creative Graphic Solutions For All.,"""Whenever I need to put together a good presentation, DesignSpinners is the team I go to...""",5.0,5,"$5,000",$50 - $99 / hr,2 - 9,"Los Angeles,
CA",service_focus,https://clutch.co/profile/design-spinners,http://designspinners.com/
55,altr,"Innovation, Experience Strategy and Design","""The speed at which altr delivered work ... was very impressive.""",4.8,8,Undisclosed,$200 - $300 / hr,2 - 9,"Cambridge,
MA",service_focus,https://clutch.co/profile/altr,http://www.getaltrd.com
56,Rhea + Kaiser,"A strategic, integrated marketing agency.","A strategic integrated marketing agency. Rhea+Kaiser specializes in strategic planning, creative, and branding.",none shown,none shown,"$10,000",$100 - $149 / hr,50 - 249,"Naperville,
IL",service_focus,https://clutch.co/profile/rhea-kaiser,http://www.rkconnect.com/
58,Duncan Channon,"Unearth, unfurl, and unleash distinct identities.",An advertising agency recently names a 2016 Ad Agency of the Year. Duncan Channon specializes in brand launches and re-launches.,none shown,none shown,"$10,000",$100 - $149 / hr,50 - 249,"San Francisco,
CA",service_focus,https://clutch.co/profile/duncan-channon,http://www.duncanchannon.com/
61,Mekanism,Creative Agency,"Mekanism is a full-service creative agency with offices in San Francisco, New York, and Seattle...",none shown,none shown,"$5,000",$100 - $149 / hr,50 - 249,"San Francisco,
CA",service_focus,https://clutch.co/profile/mekanism,https://mekanism.com/
63,AgencyMSI,Integrated solutions.,"An integrated marketing and branding firm. AgencyMSI has experience in advertising, branding strategy, interactive, public relations, and social media.",none shown,none shown,"$10,000",$100 - $149 / hr,50 - 249,"Chicago,
IL",service_focus,https://clutch.co/profile/agencymsi,http://agencymsi.com/
64,Bravo,"Deliver bold, BusinessUnusual ideas.",An advertising and marketing agency specializing in multicultural audiences...,none shown,none shown,"$5,000",$150 - $199 / hr,250 - 999,"Miami,
FL",service_focus,https://clutch.co/profile/bravo,http://www.bebravo.com/
65,Right Hat,Strategic brand consulting and design.,A strategic brand consulting and design firm. Right Hat specializes in marketing programs and design solutions that are memorable and transforming.,none shown,none shown,"$10,000",$100 - $149 / hr,50 - 249,"Chicago,
IL",service_focus,https://clutch.co/profile/right-hat,https://righthat.com/
66,Zambezi,Putting extraordinary into culture.,"An advertising and marketing agency. Zambezi specializes in creative, strategy, production & technology, and client services. Their past work includes Adidas, Focus Features, and Sprite.",none shown,none shown,"$5,000",$50 - $99 / hr,50 - 249,"Culver city,
CA",service_focus,https://clutch.co/profile/zambezi,http://zambezi-la.com/
67,Jacobson Rost,We exist to tell true stories.,"A full-service integrated communications firm. Jacobson Rost specializes in ""creative non-fiction"".",none shown,none shown,"$10,000",$100 - $149 / hr,50 - 249,"Chcago,
IL",service_focus,https://clutch.co/profile/jacobson-rost,http://www.jacobsonrost.com/
68,Vert,Talk mobile to me,"Award-winning creative advertising agency, specializing in developing scalable, sound marketing campaigns.",none shown,none shown,"$1,000",$50 - $99 / hr,50 - 249,"Atlanta,
GA",service_focus,https://clutch.co/profile/vert,http://vertdigital.com/
69,Conill Advertising,U.S. Advertising and Marketing,"An advertising agency specializing in multicultural marketing. Past work includes Toyota, P&G, T-Mobile, Budweiser, and Nestle.",none shown,none shown,Undisclosed,Undisclosed,50 - 249,"El Segundo,
CA",service_focus,https://clutch.co/profile/conill-advertising,http://conill.com/#hpn
71,Pitch,It's our name. And our mission.,"A full-service advertising agency. Pitch specializes in strategy and creative, and past work includes Netflix, Pepsi, Bonefish Grill, and Citrix.",none shown,none shown,"$5,000",$50 - $99 / hr,50 - 249,"Culver City,
CA",service_focus,https://clutch.co/profile/pitch,http://www.thepitchagency.com/
72,Kovel/Fuller,We build Main Street brands.,Kovel/Fuller operates as your marketing partner and devotes themselves to gaining a grassroots understanding of your business.,none shown,none shown,"$1,000",$50 - $99 / hr,50 - 249,"Culver City,
CA",service_focus,https://clutch.co/profile/kovelfuller,http://www.kovelfuller.com/
73,Citizen Group,Pro-Social Marketing.,A pro-social marketing agency. Citizen Group specializes in philanthropic and non-profit initiatives.,none shown,none shown,"$10,000",$100 - $149 / hr,10 - 49,"San Francisco,
CA",service_focus,https://clutch.co/profile/citizen-group,http://www.citizengroup.com/
74,Quigley-Simpson,US Advertising and Marketing,"Quigley-Simpson is a full-service advertising agency. Founded in 2002 and with offices in LA and NYC the company specializes in strategic planning, marketing, media planning & media buying, brand building, creative development, production and multicultural advertising.",none shown,none shown,"$1,000",$50 - $99 / hr,50 - 249,"Los Angeles,
CA",service_focus,https://clutch.co/profile/quigley-simpson,http://www.quigleysimpson.com/
75,Conectar Agency,Orlando Marketing Agency,"""Conectar Agency has plenty of knowledge about current technology. They don't make things complicated...""",5.0,4,Undisclosed,$100 - $149 / hr,2 - 9,"Maitland,
FL",service_focus,https://clutch.co/profile/conectar-agency,http://Conectaragency.com
76,Dailey Advertising,A full-service ad agency.,"A full-service creative advertising agency. Dailey Advertising specializes in memorable brand stories. Past projects include work for Dole, Nestle, Wonka, Ford, and Honda.",none shown,none shown,"$1,000",$50 - $99 / hr,50 - 249,"West Hollywood,
CA",service_focus,https://clutch.co/profile/dailey-advertising,http://www.daileyideas.com/
78,Stevens & Tate,recognize measurable results,"An independent, full-service agency. Stevens & Tate specializes in marketing strategy, brand development, and advertising.",none shown,none shown,"$10,000",$100 - $149 / hr,10 - 49,"Lombard,
IL",service_focus,https://clutch.co/profile/stevens-tate,http://www.stevens-tate.com/
79,SS+K,"Creatively driven, truth inspired & mission based","An advertising and marketing agency specializing in integrating disciplines across media, technology, brand strategy, and data analytics. Past projects include President Obama's 2012 campaign and Match.com.",none shown,none shown,"$100,000",$200 - $300 / hr,50 - 249,"New York,
NY",service_focus,https://clutch.co/profile/ssk,https://www.ssk.com/
81,SOCIALDEVIANT,Start by starting.,A full-service content marketing agency. SOCIALDEVIANT specializes in building dynamic brands in a nonlinear fashion.,none shown,none shown,"$10,000",$100 - $149 / hr,10 - 49,"Chicago,
IL",service_focus,https://clutch.co/profile/socialdeviant,http://socialdeviant.com/
82,Simple Truth,Business Thinking. Creative Thinking.,"A branding and marketing agency. Simple Truth specializes in digital channel strategy, content strategy, and brand architecture.",none shown,none shown,"$10,000",$100 - $149 / hr,10 - 49,"Chicago,
IL",service_focus,https://clutch.co/profile/simple-truth,http://yoursimpletruth.com/
83,Siltanen & Partners Advertising,Let's make your brand amazing.,"A full-service advertising agency. Siltanen & Partners Advertising specializes in creative, strategic planning, brand analysis, design, and public relations.",none shown,none shown,"$5,000",$50 - $99 / hr,10 - 49,"El Segundo,
CA",service_focus,https://clutch.co/profile/siltanen-partners-advertising,http://siltanen.com/
84,Heavenly Group,Ideas for an Impatient World,We see a world of consumers bombarded with commercial messaging and information in volumes and at volumes that make t...,none shown,none shown,Undisclosed,$150 - $199 / hr,50 - 249,"London,

United Kingdom",service_focus,https://clutch.co/profile/heavenly-group,http://heavenly.co.uk/
85,Mighty 8th Media,Let's make history.,A measurable marketing and advertising firm...,none shown,none shown,Undisclosed,Undisclosed,10 - 49,"Buford,
GA",service_focus,https://clutch.co/profile/mighty-8th-media,http://www.m8th.com/
86,INK Agency,Rewrite the rules and build something great.,"Ink Agency is a full-service, fully integrated creative advertising and marketing agency. Their past work includes Cisco, Yokohama, and Vizio.",none shown,none shown,"$1,000",$50 - $99 / hr,10 - 49,"Irvine,
CA",service_focus,https://clutch.co/profile/ink-agency,http://www.inkagency.com/
87,Forza Migliozzi,dedicated to defying conventional methods,"Fully integrated advertising agency. Forza Migliozzi specializes in brand content. Past work includes Nike, Audi, and Subaru.",none shown,none shown,"$5,000",$50 - $99 / hr,10 - 49,"Hollywood,
CA",service_focus,https://clutch.co/profile/forza-migliozzi,http://forzamigliozzi.com/fm1/
88,MC Squared,LA Advertising and Marketing,A full-service advertising and marketing agencies. MC Squred integrates the best of digitial and social media.,none shown,none shown,"$1,000",$50 - $99 / hr,10 - 49,"Los Angeles,
CA",service_focus,https://clutch.co/profile/mc-squared,https://e-mc2.com/
89,KK Los Angeles,American Advertising and Marketing,"A multinational advertising agency. KK Los Angeles's previous work includes Umbro, Aer Lingus, Red Stripe, Greenpeace, and Diesel.",none shown,none shown,"$1,000",$50 - $99 / hr,10 - 49,"Los Angeles,
CA",service_focus,https://clutch.co/profile/kk-los-angeles,http://www.kklosangeles.com/
90,Lovio George,We're curious. We work hard. We make a difference.,"A branding, advertising, and integrated marketing agency. Lovio George works with global and local brands to bring results.",none shown,none shown,"$1,000",$50 - $99 / hr,10 - 49,"Detroit,
MI",service_focus,https://clutch.co/profile/lovio-george,http://www.loviogeorge.com/
91,Imagination Publishing,Content for Thought Leaders,Imagination is a custom publisher and content marketing agency based in Chicago...,none shown,none shown,Undisclosed,$100 - $149 / hr,50 - 249,"Chicago,
IL",service_focus,https://clutch.co/profile/imagination-publishing,http://www.imaginepub.com
92,TRAFFIK,We delivery industry disrupting creative.,"Advertising and digitial media agency. TRAFFIK speecialises in marketing for regulated industries, and is experienced in highly visbile creative and digital content.",none shown,none shown,"$10,000",$200 - $300 / hr,10 - 49,"Irvine,
CA",service_focus,https://clutch.co/profile/traffik,http://www.wearetraffik.com/
93,BARU Advertising,The future of multicultural marketing + media.,An advertising and marketing firm specializing in multi-cultural media...,none shown,none shown,"$5,000",$50 - $99 / hr,10 - 49,"Culver City,
CA",service_focus,https://clutch.co/profile/baru-advertising,http://www.baru-ad.com/
94,Uptown Treehouse,Bringing brands closer to their roots.,"A digital marketing agency specializing in social media leverage. Uptown Treehouse's capabilities include content creation, digital campaigns, and innovation. Past work includes Breaking Bad, Nike, and Microsoft.",none shown,none shown,"$5,000",$50 - $99 / hr,10 - 49,"Los Angeles,
CA",service_focus,https://clutch.co/profile/uptown-treehouse,http://uptowntreehouse.com/
96,AppN2O,The Turbo Boost for Your Apps,AppN20 as an app marketing agency is thoroughly dedicated to serving the app marketing and monetization strategies fo...,none shown,none shown,Undisclosed,< $25 / hr,50 - 249,"Ahmedabad,

India",service_focus,https://clutch.co/profile/appn2o,http://www.appn2o.com
97,Mortar,We are happy agitators. We are healthy skeptics.,"Established in 2002, Mortar has worked with brands such as Apple, American Airlines, Eat24, Golden Gate University, E...",none shown,none shown,Undisclosed,$200 - $300 / hr,10 - 49,"San Francisco,
CA",service_focus,https://clutch.co/profile/mortar,http://www.mortaragency.com/
98,More Yellow,The Digital Campaign Agency.,A digital campaign agency. More Yellow specialzes in combining advertising tacts with digital product building to tell a story through online channels.,none shown,none shown,"$5,000",$50 - $99 / hr,10 - 49,"Irvine,
CA",service_focus,https://clutch.co/profile/more-yellow,http://moreyellow.com/
100,Promoshop,The Creative merchendising agency,"PromoShop is a promotional merchandise company founded in 1992 and headquartered in Los Angeles, California...",none shown,none shown,Undisclosed,$100 - $149 / hr,50 - 249,"Los Angeles,
CA",service_focus,https://clutch.co/profile/promoshop,http://promoshopinc.com/
101,Stills Branding,Emotion + Understanding = Brands With Feeling,"Stills Branding is a graphic design organization founded in 1981 and headquartered in Cardiff, England...",none shown,none shown,Undisclosed,$150 - $199 / hr,10 - 49,"Cardiff,

United Kingdom",service_focus,https://clutch.co/profile/stills-branding,http://www.stills.co.uk/
102,...and company,Los Angeles Advertising and Marketing,"An advertising and branding agency. Past projects include work for Netflix, ESPN, FX, and Esquire.",none shown,none shown,"$1,000",$50 - $99 / hr,10 - 49,"Los Angeles,
CA",service_focus,https://clutch.co/profile/company,https://www.andcompany.com/
103,Chen Design Associates,Branding and Strategic Design Firm,"Started in 1991 by Josh Chen, Chen Design is a San Francisco-based branding agency that has worked in graphic design...",none shown,none shown,Undisclosed,$200 - $300 / hr,10 - 49,"San Francisco,
CA",service_focus,https://clutch.co/profile/chen-design-associates,http://www.chendesign.com/
104,High Wide & Handsome,An uncommonly loyal advertising agency.,"An advertising agency specializing in brand strategy and online advertising. High Wide and Handsome's past work includes Top Ramen, Cup Noodle, and Toshiba.",none shown,none shown,"$5,000",$50 - $99 / hr,10 - 49,"Culver City,
CA",service_focus,https://clutch.co/profile/high-wide-handsome,http://www.highwidehandsome.com/#!/
105,Multiple,A strategic design firm.,"Multiple is a strategic design firm based in Chicago, with offices in Atlanta and Vancouver...",none shown,none shown,Undisclosed,$200 - $300 / hr,10 - 49,"Chicago,
IL",service_focus,https://clutch.co/profile/multiple,https://multipleinc.com/
106,Palmer Ad Adgency,The Perfect Blend of Inbound & Outbound Marketing.,"A branding and response generation agency. Palmer Ad Agency specializes in advertising, media, social media, and digital marketing.",none shown,none shown,"$10,000",$100 - $149 / hr,2 - 9,"San Francisco,
CA",service_focus,https://clutch.co/profile/palmer-ad-adgency,http://palmeradagency.com/
107,Gravity Road,"We bring a smart, new approach to content creation","An advertising agency. Gravity Road specializes in content creation, advertising and media, and video production.",none shown,none shown,"$1,000",$50 - $99 / hr,10 - 49,"London,

United Kingdom",service_focus,https://clutch.co/profile/gravity-road,http://gravityroad.com/
108,Flynaut LLC,Your Digital Partner.,"Our offices in Atlanta, Dubai allow us to see internet marketing from different viewpoints...",none shown,none shown,Undisclosed,$50 - $99 / hr,10 - 49,"Atlanta,
GA",service_focus,https://clutch.co/profile/flynaut,http://www.flynaut.com
109,Organic,A creative digital agency,"Organic helps global brands accurately predict outcomes, spot trends, identify behaviors, and create a much deeper co...",none shown,none shown,"$10,000",$50 - $99 / hr,250 - 999,"San Francisco,
CA",service_focus,https://clutch.co/profile/organic,http://www.organic.com/
110,Someoddpilot,Practice & Theory,"Founded in 1999, Someoddpilot is a Chicago-based visual design and branding studio...",none shown,none shown,Undisclosed,$200 - $300 / hr,10 - 49,"Chicago,
IL",service_focus,https://clutch.co/profile/someoddpilot,http://www.someoddpilot.com/
111,Heat,We believe in the power of surprise.,A full-service creative agency. Heat specializes in surprising creative work from out-of-home to video.,none shown,none shown,"$10,000",$100 - $149 / hr,50 - 249,"San Francisco,
CA",service_focus,https://clutch.co/profile/heat,http://thisisheat.com/
112,Lipman Hearne,Changing the conversation.,"A marketing partner for visionary institutions. Lipman Hearne specializes in branding, strategy, and communications.",none shown,none shown,"$10,000",$100 - $149 / hr,50 - 249,"Chicago,
IL",service_focus,https://clutch.co/profile/lipman-hearne,http://www.lipmanhearne.com/
113,Otherwise,A Strategic Creative Studio,"Otherwise, a strategic creative and branding agency founded in 1990...",none shown,none shown,Undisclosed,$200 - $300 / hr,10 - 49,"Chicago,
IL",service_focus,https://clutch.co/profile/otherwise,http://www.otherwiseinc.com/
114,Something Massive,"Big experience, boutique service.","A boutique advertising agency specializing in content, strategy, and production. Previous projects include work for Regal Cinemas and Peet's Coffee & Tea.",none shown,none shown,"$1,000",$50 - $99 / hr,10 - 49,"Los Angeles,
CA",service_focus,https://clutch.co/profile/something-massive,http://somethingmassive.com/
115,Eleven Inc.,Independent agency that solves big brand problems,"An independently owned, full-service, integrated communications agency. Eleven Inc. specializes in brand vision, creative content, branded experiences, and consumer activation.",none shown,none shown,"$10,000",$100 - $149 / hr,50 - 249,"San Francisco,
CA",service_focus,https://clutch.co/profile/eleven,http://www.eleveninc.com/#/
116,Turn The Page Online Marketing,Freaky Good Online Marketing & Web Design,"Turn The Page Online Marketing is a comprehensive agency that provides advertising/branding, digital marketing, socia...",none shown,none shown,Undisclosed,$100 - $149 / hr,10 - 49,"Lee's Summit,
MO",service_focus,https://clutch.co/profile/turn-page-online-marketing,http://turnthepage-onlinemarketing.com/
117,MAGNETIC Creative,We Craft Authentic Brand Stories,Magnetic Creative is a branding agency with offices in both South Africa and Southern California...,none shown,none shown,Undisclosed,$100 - $149 / hr,10 - 49,"Temecula,
CA",service_focus,https://clutch.co/profile/magnetic-creative,http://www.magneticcreative.com/?utm_source=Clutch.co&utm_medium=Profile%20clicks&utm_campaign=Clutch
118,88 Brand Partners,United We Brand,"Founded in 1988, 88 Brand Partners is a branding and creative agency based in Chicago, Illinois...",none shown,none shown,Undisclosed,$150 - $199 / hr,10 - 49,"Chicago,
IL",service_focus,https://clutch.co/profile/88-brand-partners,http://88brandpartners.com/
119,Nelson Cash,We harness might and magic.,"A creative studio. Nelson Cash specializes in branding, marketing and adveritising, with experience in UI/UX design and market research.",none shown,none shown,"$10,000",$100 - $149 / hr,10 - 49,"Chicago,
IL",service_focus,https://clutch.co/profile/nelson-cash,http://nelsoncash.com/
121,Chapter SF,We exist to solve wicked problems.,"A creative company. Chapter SF specializes in commercial creativity, brand development, experience design, and marketing.",none shown,none shown,"$10,000",$100 - $149 / hr,50 - 249,"San Francisco,
CA",service_focus,https://clutch.co/profile/chapter-sf,http://chaptersf.com/
122,Think Jam,An entertainment marketing agency.,"An entertainment marketing agency. Think Jam's specialties include social media marketing, video and content production, and out of home advertising.",none shown,none shown,"$1,000",$50 - $99 / hr,50 - 249,"Los Angeles,
CA",service_focus,https://clutch.co/profile/think-jam,http://thinkjam.com/
123,Standard Time,A content & design studio built for tomorrow.,"A content and creative agency. Standard Time's previous work includes Sephora, Twitter, and Toms.",none shown,none shown,"$50,000",$150 - $199 / hr,10 - 49,"Los Angeles,
CA",service_focus,https://clutch.co/profile/standard-time,http://www.standardtimela.com/
124,Battery,Battery was born of an idea.,An advertising and marketing agency. Battery specializes in brand development and production.,none shown,none shown,"$5,000",$50 - $99 / hr,10 - 49,"Hollywood,
CA",service_focus,https://clutch.co/profile/battery,http://batteryagency.com/
125,Butchershop Creative,Let's Make Amazing,"Founded in 2009, Butchershop is a fully integrated creative agency based in San Francisco...",none shown,none shown,Undisclosed,$150 - $199 / hr,10 - 49,"San Francisco,
CA",service_focus,https://clutch.co/profile/butchershop-creative,http://www.butchershop.co/
126,L7 Creative,Legendary brands made here.,"L7 is a creative agency based in Carlsbad, CA. L7 was founded in 2001, and focuses on digital brand engagement...",none shown,none shown,Undisclosed,Undisclosed,10 - 49,"Carlsbad,
CA",service_focus,https://clutch.co/profile/l7-creative,http://www.L7Creative.com
128,Colure,Marketing 101 Meets Marketing 2.0,Colure is a creative and digital agency based in New York City...,none shown,none shown,Undisclosed,$100 - $149 / hr,10 - 49,"New York City,
NY",service_focus,https://clutch.co/profile/colure,http://colure.co/
129,TrendyMinds,Think Ahead,Our goals are simple yet vital to our culture: Endeavoring to learn how to be the best at what we do in each an...,none shown,none shown,Undisclosed,$100 - $149 / hr,10 - 49,"Indianapolis,
IN",service_focus,https://clutch.co/profile/trendyminds,http://www.trendyminds.com
130,Contrapunto,It's a good thing we can work on what we like.,"Contrapunto BBDO is an agency that aspires to create and build campaigns and contents that connect with people, advertising that is spoken on the street and that works.",none shown,none shown,"$5,000",$25 - $49 / hr,50 - 249,"Barcelona,

Spain",service_focus,https://clutch.co/profile/contrapunto,http://www.contrapuntobbdo.es/
132,Nonbox,The market is moving at light speed. MOVE WITH IT.,"A brand acceleration agency. Nonbox specializes in consumer insights, brand positioning, social strategies, and branded content.",none shown,none shown,"$1,000",$50 - $99 / hr,50 - 249,"Portland,
OR",service_focus,https://clutch.co/profile/nonbox,http://www.nonboxpdx.com/
133,The Monkeys,Australia Ad Agency,The Monkeys is an Australian content development agency for businesses who want to improve their online presence...,none shown,none shown,Undisclosed,$150 - $199 / hr,50 - 249,"Surry Hills,

Australia",service_focus,https://clutch.co/profile/monkeys,http://themonkeys.com.au/
134,IW Group,Culture Purveyors & Content Creators,"Founded in 1990, IW Group, Inc...",none shown,none shown,Undisclosed,$100 - $149 / hr,50 - 249,"West Hollywood,
CA",service_focus,https://clutch.co/profile/iw-group,http://www.iwgroupinc.com/
136,Soulsight,Iconic Brand Design,Soulsight is a brand identity and positioning agency...,none shown,none shown,Undisclosed,$200 - $300 / hr,10 - 49,"Chicago,
IL",service_focus,https://clutch.co/profile/soulsight,http://soulsight.com/
137,UpShift,We shift results higher.,"A full-service strategic branding and graphic design agency specializing in brand development, corporate communications, and advertising.",none shown,none shown,"$10,000",$100 - $149 / hr,10 - 49,"Chicago,
IL",service_focus,https://clutch.co/profile/upshift,http://upshiftcreative.com/
138,Damen Jackson,We build exceptional brands.,"Founded in 1998, Damen Jackson is a branding agency headquartered in Chicago, Illinois...",none shown,none shown,"$5,000",$150 - $199 / hr,10 - 49,"Chicago,
IL",service_focus,https://clutch.co/profile/damen-jackson,http://damenjackson.com/
139,SMAKK Studios,Made in Brooklyn.,"Founded in 2007, SMAKK is a Brooklyn-based branding and digital agency that specializes in web design, web developmen...",none shown,none shown,Undisclosed,$200 - $300 / hr,10 - 49,"Brooklyn,
NY",service_focus,https://clutch.co/profile/smakk-studios,http://smakkstudios.com/
141,Contversion,Performance agency,"Contversion is a media agency focused on delivering results with more than 12 years experience in digital media, technology, with teams in Europe and Latin America. Performance, branding, business intelligence.",none shown,none shown,"$5,000",$25 - $49 / hr,10 - 49,"Madrid,

Spain",service_focus,https://clutch.co/profile/contversion,http://www.contversion.com/
142,Ginkgo MullenLowe,"Balance between strategy, culture and passion.","Ginkgo was the only Uruguayan among the 30 best agencies in Latin America at Cannes Lions 2014. Ranked in the Top 5 agencies of the most effective network in the world, according to Effie Awards ranking.",none shown,none shown,"$5,000",$25 - $49 / hr,10 - 49,"Montevideo,

Uruguay",service_focus,https://clutch.co/profile/ginkgo-mullenlowe,http://www.ginkgomullenlowe.com/
143,KD Web,Digital Thinking,"KD Web is a web design, development and creative branding agency...",none shown,none shown,Undisclosed,$100 - $149 / hr,10 - 49,"London,

United Kingdom",service_focus,https://clutch.co/profile/kd-web,http://www.kdweb.co.uk/
144,Roundhouse,Worth every penny.,"Roundhouse Agency is headquartered in Portland, Oregon and offers services in interactive design, branding, digital s...",none shown,none shown,Undisclosed,$100 - $149 / hr,50 - 249,"Portland,
OR",service_focus,https://clutch.co/profile/roundhouse,http://roundhouseagency.com/
145,interTrend,Full-service Asiam-American Communications agency.,"interTrend Communications is an award-winning full-service communication agency based in Long Beach, California...",none shown,none shown,Undisclosed,$150 - $199 / hr,10 - 49,"Long Beach,
CA",service_focus,https://clutch.co/profile/intertrend,http://www.intertrend.com/
146,Lagrant Communications,Advertising. Marketing. Public Relations.,LAGRANT COMMUNICATIONS is an integrated marketing communications firm with demonstrated expertise in advertisin...,none shown,none shown,Undisclosed,$100 - $149 / hr,10 - 49,"Los Angeles,
CA",service_focus,https://clutch.co/profile/lagrant-communications,http://www.lagrantcommunications.com/
147,Keybridge Communications,DC based public relations firm,"Keybridge Communications is a DC-based public relations firm that specializes in op-eds, issues advocacy, and social...",none shown,none shown,Undisclosed,Undisclosed,10 - 49,"Washington,
DC",service_focus,https://clutch.co/profile/keybridge-communications,http://keybridgecommunications.com/
148,Berman and Company,Changing the debate,"Berman and Company is a public affairs firm based in Washington, DC...",none shown,none shown,Undisclosed,Undisclosed,10 - 49,"Washington,
DC",service_focus,https://clutch.co/profile/berman-company,http://www.bermanco.com/
151,Competence Communication,Transforming Brands in Brand Leaders.,"We are 200 creative, competent and innovative professionals throughout Brazil...",none shown,none shown,"$5,000",$25 - $49 / hr,50 - 249,"Porto Alegre,

Brazil",service_focus,https://clutch.co/profile/competence-communication,http://www.competence.com.br/
152,Top Pup Media,"Quality production, with the end in mind.",Top Pup Media is a Dallas-based video production company...,none shown,none shown,"$5,000",$100 - $149 / hr,2 - 9,"Dallas,
TX",service_focus,https://clutch.co/profile/top-pup-media,http://toppupmedia.com/
153,Englishman Consulting,Helping Startups Internationally,"Englishman Consulting are a niche group of Business Consultants, who specialize in assisting Technology Start-Ups. They are here to give you clear and experienced advice on any area of your business, plus they can actually get hands-on involved with investor meetings, trade shows, client presentations, product design & development, sales & marketing, partnerships and much more, all in harmony with your existing team and company structure.",none shown,none shown,"$10,000",$100 - $149 / hr,2 - 9,"London,

United Kingdom",service_focus,https://clutch.co/profile/englishman-consulting,http://www.englishmanconsulting.com
155,FINIEN,Turning Ventures Into Brands,"Founded in 2013, FINIEN is a traditional branding agency based in Long Beach, California...",none shown,none shown,Undisclosed,Undisclosed,2 - 9,"Long Beach,
CA",service_focus,https://clutch.co/profile/finien,http://www.finien.com/
156,Espinosa Consultores,"Marketing, strategy and sales.",Espinosa Consultores is a strategic marketing consulting firm with the mission to advise/work with clients to help them achieve their business goals in a cost-effective way.,none shown,none shown,"$5,000",$25 - $49 / hr,2 - 9,"Valencia,

Spain",service_focus,https://clutch.co/profile/espinosa-consultores,http://espinosaconsultores.es/
158,Theory SF,Every big idea began as a theory,"""Theory SF is a multi-disciplinary marketing agency located in the heart of San Francisco""",none shown,none shown,"$25,000",$200 - $300 / hr,2 - 9,"San Francisco ,
CA",service_focus,https://clutch.co/profile/theory-sf,http://www.theorysf.com/
159,Trazada Internet Marketing,Think Global! Go Local!,"Trazada is a digital agency, whose solutions are designed for multi-location brands and businesses.",none shown,none shown,"$5,000",$25 - $49 / hr,10 - 49,"Madrid,

Spain",service_focus,https://clutch.co/profile/trazada-internet-marketing,http://trazada.com/soluciones/posicionamiento-local/
160,Red Door Interactive,Be Present,"Red Door Interactive is a full-service marketing and branding agency based in San Diego, CA...",none shown,none shown,"$100,000",$150 - $199 / hr,50 - 249,"San Diego,
CA",service_focus,https://clutch.co/profile/red-door-interactive,http://www.reddoor.biz
162,Worn,NYC Digital Agency,"Founded on 2010 in New York City, Worn works with female leaders and their allies across industries to design bold br...",none shown,none shown,"$5,000",$100 - $149 / hr,2 - 9,"New York,
NY",service_focus,https://clutch.co/profile/worn,http://www.worn.nyc/
163,Fanquimia,Digital Agency Spain,"Fanquimia is a digital agency based in Spain and they are experts in generating sales, traffic and other objectives in different digital media, mostly in social media.",none shown,none shown,"$5,000",$25 - $49 / hr,10 - 49,"Madrid,

Spain",service_focus,https://clutch.co/profile/fanquimia,http://www.fanquimia.com/
164,Carrots,Building Social Brands,Carrots is an advertising agency expert in new media that provides a comprehensive service to create multi-format campaigns to inspire and mobilize consumers.,none shown,none shown,"$5,000",$25 - $49 / hr,10 - 49,"Madrid,

Spain",service_focus,https://clutch.co/profile/carrots,http://www.carrots.es/
168,Inforseo,Digital marketing Uruguay,"Inforseo is a digital marketing agency that offers advisory services and support in the planning and development of effective strategies of content marketing, web development and mobile applications.",none shown,none shown,"$5,000",$25 - $49 / hr,2 - 9,"Montevideo,

Uruguay",service_focus,https://clutch.co/profile/inforseo,http://www.inforseo.com/
170,Agency Intermedia,Ideas that infect.,"Intermedia Brazil offers services in advertising, logo, email marketing campaigns, creation and website management, a...",none shown,none shown,"$5,000",$25 - $49 / hr,2 - 9,"Porto Alegre,

Brazil",service_focus,https://clutch.co/profile/agency-intermedia,http://www.intermidiabrasil.com.br/
173,Digitalissime,Predictable business results,Digitalissime is an innovative Internet referencing agency with a three-digit annual growth...,none shown,none shown,"$5,000",$25 - $49 / hr,2 - 9,"Paris,

France",service_focus,https://clutch.co/profile/digitalissime,http://www.digitalissime.com/
174,Skidun,Transforming big ideas into results.,"Skidun is an interactive agency specializing in advertising, marketing, and design.",none shown,none shown,"$5,000",$25 - $49 / hr,10 - 49,"Rio de Janeiro,

Brazil",service_focus,https://clutch.co/profile/skidun,http://www.skidun.com.br/
175,Digibrand,Ukraine Digital Marketing Agency,"Digibrand Ukraine is a digital-marketing agency in Ukraine. The company was founded in 2006 in Riga, Latvia...",none shown,none shown,"$5,000",$25 - $49 / hr,10 - 49,"Kyiv,

Ukraine",service_focus,https://clutch.co/profile/digibrand,http://digibrand.com.ua/#proekti
176,Catch 24,Full-Service advertising and design agency,"Catch 24 is an integrated, diverse and nimble branding agency, flexible enough to take quick detours, switch gears an...",none shown,none shown,Undisclosed,$150 - $199 / hr,10 - 49,"New York,
NY",service_focus,https://clutch.co/profile/catch-24,http://catch24design.com/
178,Home Front Communications_Admin,We create ideas that provoke movement,"Home Front is a strategic communications agency based in Washington, DC...",none shown,none shown,Undisclosed,Undisclosed,10 - 49,"Washington,
DC",service_focus,https://clutch.co/profile/home-front-communicationsadmin,http://teamsubjectmatter.com/homefront/
179,Cincomedios,Creativity at the service of strategy,"Creativity at the service of strategy. They offer digital marketing solutions for small, medium and large companies and organizations.",none shown,none shown,"$5,000",$25 - $49 / hr,2 - 9,"Montevideo,

Uruguay",service_focus,https://clutch.co/profile/cincomedios,http://cincomedios.com/
181,Kumbh Design Inc,unzip creative ideas,Kumbh Design Inc is an IT and Advertising agency & operates as renowned leader in the Website Design & Develo...,none shown,none shown,"$1,000",< $25 / hr,10 - 49,"Ahmedabad,

India",service_focus,https://clutch.co/profile/kumbh-design,http://www.kumbhdesign.com
182,Postmen,Ukrainian digital agency,Postmen develops complex digital strategies that transform business and take them to a new level of communication with a client.,none shown,none shown,"$5,000",$25 - $49 / hr,10 - 49,"Kyiv,

Ukraine",service_focus,https://clutch.co/profile/postmen,http://www.postmen.com.ua/
183,ITCG,Ukrainian web designers,ITCG is a full-service digital agency that was founded in 2000...,none shown,none shown,"$5,000",$25 - $49 / hr,10 - 49,"Kyiv,

Ukraine",service_focus,https://clutch.co/profile/itcg,http://itcg.ua/
184,2op,Ideas that connect people.,"2op is an advertising agency that offers services in brand management, social media marketing, and web design.",none shown,none shown,"$5,000",$25 - $49 / hr,2 - 9,"Brazil,

Brazil",service_focus,https://clutch.co/profile/2op,http://2op.com.br/
185,Genetsis,"Driven by data, powered by technology","Genetsis is an agency specialized in designing, developing and managing marketing strategies in digital environments.",none shown,none shown,"$5,000",$25 - $49 / hr,50 - 249,"Madrid ,

Spain",service_focus,https://clutch.co/profile/genetsis,http://www.genetsis.com/
187,Makkao,Constantly looking for new challenges ..,"Makkao, based in Barcelona, delivers online marketing plans, creativity and web development or application development.",none shown,none shown,"$5,000",$25 - $49 / hr,2 - 9,"Barcelona,

Spain",service_focus,https://clutch.co/profile/makkao,http://www.makkao.com/
188,Binaria,A digital agency for a digital world.,"Binaria is a digital communication agency located in Barcelona that offers online brand strategy, creativity, web development, digital video, mobile applications and more.",none shown,none shown,"$5,000",$25 - $49 / hr,10 - 49,"Barcelona,

Spain",service_focus,https://clutch.co/profile/binaria,http://binaria.com/
190,Popel Agency,"Design, create and implement efficient interfaces","To us, product design was always more than just visual appeal...",none shown,none shown,"$5,000",$25 - $49 / hr,10 - 49,"Kyiv,

Ukraine",service_focus,https://clutch.co/profile/popel-agency,http://popel.agency/
